"X","Sex","Age","Income","Culture","Theatre","Theatre_ly"
1,"M",67,1483.2,586.01,219.4,234.878024191167
2,"M",83,1820.99,752.37,317.3,283.9
3,"M",67,1558.67,657.39,295.4,280.4
4,"F",55,1452.39,548.83,214,206.3
5,"M",30,2127.51,787.86,339.3,315.8
6,"M",74,1353.58,498.79,228.2,213.2
7,"M",58,1684.98,730.32,390.3,354.7
8,"F",65,1434.44,559.26,253.7,244.6
9,"M",56,1922.07,753.78,304.7,282
10,"M",76,1614.52,649.96,332.5,292.4
11,"M",23,1430.8,782.18,334.4,315.7
12,"M",81,1417.83,629.56,221.8,205.8
13,"M",39,1482.86,593.14,241.9,222.7
14,"F",25,1645.2,812.17,386,368.1
15,"M",66,1519.56,666.14,321.8,346.416647485408
16,"M",29,1230.53,534.05,258.6,238.5
17,"F",37,1925.42,715.14,333.1,331.5
18,"F",40,1914.11,745.25,296,282.2
19,"F",26,1566.01,659.67,288.6,282.4
20,"F",38,1134.48,446.79,158,155.8
21,"M",64,1274.46,465.15,197.2,170.2
22,"F",63,1526.05,592.23,210.5,206
23,"F",75,1532.04,620.76,328.1,311.9
24,"M",44,1519.66,546.51,285.8,246.6
25,"M",82,1191.14,493.33,213.8,202.7
26,"M",42,1717.01,631.17,224.8,212.1
27,"F",67,996.77,428.64,156.7,154.6
28,"F",61,1966.58,729.64,264.5,257.4
29,"F",66,1787.9,627.1,338.1,336.1
30,"M",58,1861.32,713.41,306.6,265.5
31,"F",84,1847.98,791.06,295.6,317.440188901657
32,"M",26,1324.02,560.79,228.7,208.1
33,"F",20,1660.27,847.05,423.9,422
34,"M",42,1696.76,599.82,305.3,334.43267846973
35,"M",27,1631.7,642.72,260.4,242.5
36,"M",25,1464.85,692.2,316.6,338.280858953712
37,"M",23,1166.41,527.04,214.1,228.904157520807
38,"F",53,1669.8,739.31,269.4,260.3
39,"F",58,2400.51,847.58,317.3,301.6
40,"M",53,1450.93,529.12,255.8,223.9
41,"M",65,1686.65,743.23,366.2,337.5
42,"M",28,2047.54,726.58,386.9,355.9
43,"M",44,1112.07,476.43,260.4,222.4
44,"M",24,1198.05,655.87,273.6,242.2
45,"F",81,1968.33,832.6,441.3,421.6
46,"M",33,1803.83,733.3,305,277.6
47,"F",30,1793.51,750.4,335.5,365.358039833984
48,"F",57,1668.34,629.33,220.6,215.9
49,"M",53,1697.84,661.45,295.7,257.3
50,"M",46,1968.01,881.32,474.4,443.3
51,"F",19,1023.19,470.37,239.8,236.7
52,"M",64,1650.85,653.96,320.1,293.5
53,"F",32,1797.08,776.23,392.7,374
54,"M",71,1313.99,552.24,267.5,239.4
55,"M",36,1908.33,854.32,389.4,409.542445913844
56,"F",86,1429.66,624.1,286.2,275.1
57,"M",54,1752.61,691.66,308.7,286.2
58,"M",50,1537.8,556.03,254.2,224.1
59,"M",49,1684.17,698.25,353.1,332
60,"F",24,1504.82,702.71,322.9,309.5
61,"M",33,2086.48,795.23,421.2,388.1
62,"M",79,1638.65,608.6,233.9,248.425820340434
63,"M",77,1632.85,609.71,248,230.7
64,"M",86,1895.74,764.96,347.6,301.8
65,"F",70,2081.49,731.17,326.5,310.7
66,"M",39,2336.06,984.11,495.4,443.5
67,"F",38,1957.87,738.19,322.8,322.3
68,"F",46,1598.37,667.28,307.3,299.6
69,"M",81,1130.19,411.81,215.5,202.3
70,"M",41,2010.83,858.99,467.1,413.8
71,"F",45,1387.77,537.96,285.5,277.1
72,"M",71,1692.32,632.65,331.6,308.7
73,"M",72,1589.86,715.36,295.1,279.4
74,"M",36,1840.22,809.65,297.2,272.2
75,"F",80,1421.42,623.04,252.3,240.9
76,"F",30,1534.37,620.68,261.6,257.8
77,"F",20,1373.38,718.18,261.6,256.6
78,"M",55,1452.6,615.46,300.6,273.8
79,"M",53,1637.98,694.63,290.7,260.7
80,"F",74,2304.28,834.78,294.4,286.2
81,"F",64,1970.22,851.71,334.5,324.6
82,"M",54,1317.66,524,223.3,195.3
83,"M",27,1673.27,655.27,247.8,266.456004968039
84,"F",38,1830.43,782.44,410.4,405.2
85,"M",24,1540.45,816.51,342.8,362.547935275622
86,"M",42,1740.25,768.14,297.4,273.9
87,"M",25,1285.07,605.59,256.2,242.3
88,"F",26,1397.12,510.89,261.6,286.768037074255
89,"F",24,1472.61,664.24,323.3,316.7
90,"M",46,1623.46,580.28,260.8,226.6
91,"M",63,2141.06,774.26,391.5,354.4
92,"F",47,1396.09,528.85,236.5,234.3
93,"F",66,1473.66,529.13,246.8,235.6
94,"M",39,1493.87,585.22,251.6,216.8
95,"M",37,1809.3,700.94,347.8,298
96,"M",29,1743.88,657.23,360.7,308.9
97,"F",18,969.78,493.64,228.2,227
98,"F",67,1533.71,642.15,285,281.6
99,"F",60,1641.85,738.8,383.3,372.8
100,"F",33,1106.06,476.1,196.7,194.3
101,"F",30,2067.88,874.63,448.9,435.5
102,"F",21,1537.3,763.94,270,258.9
103,"M",22,661.69,320.63,136.2,124.6
104,"F",43,1678.69,692.32,325.3,317.4
105,"M",85,1640.96,608.79,271.5,231.2
106,"M",42,1815.58,679.89,360.2,328
107,"F",60,1800.47,706.89,327.7,315.2
108,"M",73,1800.74,662.03,329.9,362.218187553785
109,"M",21,1798.1,987.18,486.1,451.2
110,"F",71,1120.02,460.12,180.8,174.2
111,"F",30,1608.1,578.21,301.5,292.7
112,"F",37,1196.1,425.98,217.5,234.149998636509
113,"M",22,1214.78,613.45,275.7,258
114,"M",57,1469.01,648.7,325.8,280.6
115,"F",69,1743.52,739.06,352.2,383.347394606774
116,"M",43,1282.78,453.44,204.2,179.7
117,"F",35,1021.66,375.86,131.6,131.2
118,"F",72,1649.61,644.75,284.7,310.507156561995
119,"F",42,1965.67,826.81,351.1,342
120,"F",39,1325.48,506.31,255.1,247.7
121,"F",51,2240.19,896.4,390.2,420.694448691586
122,"F",27,1504.47,529.36,226,242.822350294725
123,"M",54,1902.09,750.96,350.7,301.3
124,"M",71,1671.02,618.42,276.1,244.4
125,"M",23,1768.04,954.21,379.4,349.7
126,"F",64,1500.5,541.05,258,276.677935452154
127,"M",73,1794.81,664.64,285.4,250.1
128,"F",77,1521.91,596.61,326.9,323.9
129,"F",79,1882.65,844.93,295.9,295.7
130,"F",20,1258.17,579,257.7,252
131,"F",42,1550.85,583.67,259.3,250.8
132,"F",67,1310.83,537.68,216.8,210.9
133,"F",84,1761.03,654.43,335.8,329.2
134,"M",32,2012,895.26,342.4,304
135,"M",20,1456.06,797.36,302.7,271.9
136,"M",65,2020.07,828.82,423,395.7
137,"F",58,1849.88,768.28,381.6,372.5
138,"M",42,1833.85,817.84,350.8,311.1
139,"F",26,1706.52,650.1,283.9,280.3
140,"M",75,1616.69,600.63,328.5,295.1
141,"F",71,1952.99,690.3,338.1,357.221571312386
142,"M",56,1974.03,853.05,389.7,421.06098559006
143,"F",19,1204.45,624.57,337.1,335.5
144,"M",39,1668.12,586.55,255.9,220.9
145,"F",78,1608.26,631.65,342.5,328.6
146,"M",18,1465.71,784.32,350,320.2
147,"M",62,1015.91,437.99,159.5,147.1
148,"M",37,1481.23,531.27,274.6,236.5
149,"F",49,1943.06,760.03,297,291.9
150,"M",20,944.26,473.99,184.3,170.1
151,"F",60,1449.41,529.84,281.3,280.7
152,"M",39,1536.55,617.78,339.5,302.5
153,"F",77,1298.43,454.92,210.6,223.343030458312
154,"M",20,1407.12,695.8,300.5,271.6
155,"M",34,1912.64,857.97,395.4,351.2
156,"M",75,1908.61,705.65,344,370.923372971546
157,"F",40,1502.19,628.24,324.4,308.9
158,"F",63,1859.54,756.39,354.3,350.6
159,"M",65,954.36,389.16,166,152.2
160,"F",33,1458.39,520.95,243,232.3
161,"F",67,1640.82,731.41,388.1,375.2
162,"M",74,1810.48,666.25,255.8,241.5
163,"M",71,1762.74,753.22,353.5,305.1
164,"F",28,1473.59,599.92,317.8,303.5
165,"M",67,1165.44,431.56,228.4,240.254842143226
166,"M",74,1815.51,703.93,293.2,276.3
167,"F",29,1812.66,754.69,278.3,267.9
168,"M",79,1357.55,576.52,223.7,238.88335857257
169,"M",61,1714.94,638.46,240.3,254.655764208968
170,"F",74,1734.23,763.51,304.6,291.6
171,"F",35,1716.35,688.16,262.8,286.308704887438
172,"M",65,2141.12,812.82,380.7,337.3
173,"F",25,1156.85,580.83,232.5,227.9
174,"M",39,1720.36,750.83,391.8,335.9
175,"M",18,1347.37,632.03,247,225.5
176,"M",36,1312.19,572.79,226.3,196.9
177,"M",85,1594.12,625.63,267.5,250.2
178,"M",28,1892.14,776.79,407,382.1
179,"M",62,2193.05,915.14,404.9,356.7
180,"F",85,2181.53,851.59,363.3,359.5
181,"F",69,1856.63,677.57,301.9,289.1
182,"F",23,1533.19,806.21,365.4,394.738006534965
183,"F",83,1626.74,601.98,281.8,267.7
184,"M",24,1294.92,687.44,350.5,303.7
185,"F",73,2089.54,900.47,316.4,316.2
186,"M",32,1709.16,609.11,311.9,336.038805827405
187,"F",51,1420.63,517.18,277.1,271.3
188,"M",42,1795.66,731.58,260.7,230.5
189,"M",59,2044.48,801.74,420.1,362.1
190,"F",48,1945.03,844.82,444.2,429.8
191,"M",33,1745.43,613.52,229.9,199
192,"M",78,2122.08,898.89,474.2,417.2
193,"M",55,1823.68,745.28,304.1,284.2
194,"M",32,1825.79,672.69,264.1,247.6
195,"M",53,1187.13,499.35,258.4,222.8
196,"F",60,1883.38,803.73,334.1,333.2
197,"F",56,1775.34,704.31,336.7,328.1
198,"F",58,1423.4,617.24,256.2,250
199,"F",60,1890.4,797.4,342,333.1
200,"F",30,1781.19,703.31,291.7,284.4
201,"F",39,1777.13,734.81,372.8,361.4
202,"M",38,1598.32,625.74,274.1,251.7
203,"F",49,1521.46,630.74,286.5,282.8
204,"M",79,1725.27,644.67,256.5,237.3
205,"M",51,1503.89,572.51,243.2,225.2
206,"F",33,1500.58,639.94,268.8,294.588876478672
207,"F",36,1920.46,709.77,314.1,301.8
208,"F",22,1270.86,613.53,302.8,287.8
209,"F",57,1948.36,719.23,300.9,323.85219924967
210,"F",33,1454.99,593.49,299.9,316.899898611514
211,"F",63,1946.52,773.23,355.8,350.6
212,"M",72,1611.73,624.75,305.4,283
213,"F",58,1446.48,535.7,281,308.315412430849
214,"F",78,2120.17,751.48,345.5,343.6
215,"F",64,1406,625.75,245.3,264.247854353215
216,"M",64,1578.78,609.26,327.1,353.24620000661
217,"M",54,1769.6,794.12,353.4,311.4
218,"F",46,1707.64,741.48,348.3,338
219,"M",42,2338.68,1050.62,561.5,489.8
220,"F",65,1710.27,654.05,261.2,250.3
221,"M",70,1976.46,881.59,445.7,409.4
222,"F",83,1839.73,745.9,279.8,294.368911995688
223,"M",72,1942.53,865.93,344.4,301.2
224,"M",57,1796.84,766.09,305.5,273.4
225,"M",86,1605.57,713.9,320.8,275.2
226,"M",41,2001.98,795.71,405.2,379.9
227,"M",23,928.86,497.24,188.9,173.1
228,"F",49,1224.01,533.77,251.6,249.1
229,"F",25,1352.69,613.89,284.9,274.1
230,"F",34,1281.4,540.36,223,217.7
231,"M",71,1770.5,625.49,240.6,222.9
232,"M",36,1751.46,669.24,278.3,258.5
233,"M",26,1647.44,690.85,320,277.5
234,"M",64,1913.47,847.33,353.6,333.3
235,"M",68,1343.59,518.54,255.6,242.6
236,"M",29,2014.81,891.98,452.3,400.8
237,"M",65,1617.42,662.89,347.1,300.6
238,"F",73,1583.79,595.61,293.1,292.4
239,"M",62,2069.98,883.05,428.6,386.7
240,"M",48,1792.53,752.33,373.1,342.9
241,"M",75,2062.1,776.55,289,255.7
242,"M",21,1176.25,548.38,244.6,225.5
243,"F",71,1240.75,470.61,182.8,177.8
244,"F",21,1394.78,722.72,290.9,312.824686697109
245,"M",78,1527.82,644.96,250.3,237.5
246,"M",51,1852.32,823.9,313.9,290.7
247,"M",21,1034.33,530.55,215.1,228.309857100566
248,"F",35,1197.67,435,200.1,195.9
249,"F",49,1541.55,652.3,294.9,311.833768963551
250,"F",49,1767.71,698.3,360,383.721479422878
251,"F",65,1735.63,721.69,393.8,429.82251413333
252,"F",81,2057.79,722.76,376.6,401.608304844305
253,"M",81,1855.61,651.23,288.2,263
254,"M",20,1321.18,681.92,279.9,299.841345239379
255,"M",19,692.49,361.86,178.8,160.6
256,"F",27,1596.39,695.21,294.6,287.8
257,"F",35,1636.85,586.8,309.8,307.2
258,"F",47,2365.92,978.68,433,422.3
259,"F",18,1846.01,989.37,366.9,351.2
260,"F",29,1266.32,534.06,249.1,246.4
261,"F",68,2145.08,917.89,420.2,409.6
262,"M",73,1538.38,673.76,330.3,302.2
263,"M",71,1527.43,556.89,225.3,206.5
264,"F",44,1447.09,650.74,272,271.3
265,"F",78,1774.29,664.72,276.2,276.1
266,"M",24,1676.39,792.76,358.6,378.007587893289
267,"F",38,1802.48,702.24,345.4,373.437623720937
268,"M",83,1373.1,535.26,232.1,246.163223222549
269,"F",42,1762.06,790.29,359.3,350.6
270,"F",43,2294.26,956.19,402.1,391.8
271,"F",39,1792.86,727.2,299.4,299.4
272,"M",60,1852.57,816.38,447.3,385.1
273,"F",85,1810.81,650.21,318.6,338.611737616025
274,"F",53,1637.74,628.16,270.5,269.7
275,"F",50,1593.7,639.99,330,324.8
276,"M",78,1578.54,576.7,264.2,247.6
277,"F",45,2309.72,914.67,398.3,385.3
278,"M",40,1656.94,607.91,255.6,231.6
279,"F",36,2124.85,912.29,321.7,309.5
280,"M",67,1532.11,613.67,329.2,289.2
281,"F",20,1620.89,787.21,276.5,267.3
282,"F",57,1918.9,746.41,328.3,314.9
283,"F",42,1611.3,626.38,315.7,331.603322853703
284,"M",71,1355.81,515.22,204.6,186.4
285,"M",45,1195.17,463.13,239.1,207.9
286,"M",48,1749.92,655.91,339.1,314.8
287,"M",39,1933.39,840.87,436.7,406.9
288,"F",18,819.65,420.08,182.7,194.283070380595
289,"M",79,1992.41,809.32,432.5,408.4
290,"M",81,1717.93,687.59,354.4,328.5
291,"F",63,1735.24,622.06,225.2,216.2
292,"M",76,1568.48,571.24,231.1,210.1
293,"M",68,1697.63,680.38,337.5,312.2
294,"M",66,1383.4,540.29,275.8,234.6
295,"M",53,1856.03,710.78,265.5,246.7
296,"F",29,1605.31,665.89,342.9,328.2
297,"F",42,1128.06,424.2,232.3,232
298,"M",51,1687.26,717.77,365.8,333.2
299,"F",69,1707.54,729.93,382.2,364.4
300,"F",40,2210.5,962.9,486.2,480.3
301,"F",49,1534.01,546.99,194,208.176136489795
302,"M",72,1773.21,723.62,274.5,253.7
303,"F",28,1476.32,520.32,193.2,193
304,"M",27,1925.72,770.31,338.5,316.1
305,"F",45,1631.28,616.43,240.7,233.5
306,"M",49,1549.31,696.99,292.7,267.6
307,"F",43,1781.33,633.27,319.8,309.5
308,"F",65,1926.2,855.36,315.4,308.3
309,"F",34,1652.36,651.27,230.1,223.5
310,"M",42,2480.32,952.71,386.4,405.794153495561
311,"M",45,2491.59,1055.42,479.2,446.4
312,"F",83,2298.47,937.58,513.3,499
313,"F",82,1997.15,810.21,287.7,284.7
314,"M",50,1746.2,672.78,261,230.8
315,"F",63,1593.44,650.78,308.3,303.4
316,"F",51,1754.13,751.91,360.9,346.5
317,"M",86,1909.15,747.1,357.9,327.5
318,"M",42,2011.7,737.87,267,248.1
319,"M",45,1896.43,754.05,354.3,318.5
320,"M",24,1240.83,665.54,243.9,222.4
321,"F",44,1919.5,752.03,315.1,313.6
322,"F",82,1822.58,783.3,344.8,329.9
323,"F",50,1870.65,830.88,398.1,385.7
324,"F",29,1999.85,701.33,254.2,248.7
325,"M",68,2142.71,877.31,434.1,377.6
326,"F",37,1913.53,721.8,257.4,252.3
327,"M",60,1916.28,787,393.8,363.6
328,"M",53,1234.09,505.44,223.2,198.5
329,"F",38,1524.66,616.54,225.5,245.531702638953
330,"M",45,1515.25,633.67,263,246.5
331,"F",54,2234.47,974.06,534.4,526.2
332,"F",54,1546.61,663.98,306.2,325.675208234461
333,"M",27,1566.93,685.05,290,270.7
334,"M",72,1263.42,478.46,221.9,206.9
335,"F",19,1400.76,742.02,314.4,312.8
336,"M",73,1963.01,872.55,395.1,431.689446442786
337,"F",55,1709.18,751.75,354.5,341.3
338,"M",74,1870.66,803.9,314,278.2
339,"M",50,2135.11,853.74,377,405.123809489841
340,"F",51,1725.1,756.6,368.6,358.6
341,"M",27,963.27,360.71,189.3,176.6
342,"F",41,1069.7,440.14,156,149.9
343,"M",54,1303.34,470.05,217.4,199.4
344,"M",73,1913.77,713.26,301.2,261.3
345,"M",82,1443.8,530.59,280.3,251.8
346,"M",39,1830.25,737.84,283.5,261.5
347,"M",43,1716.08,706.31,365.6,314.3
348,"F",23,1301.78,699.23,333.2,317.2
349,"M",50,1370,498.2,251.4,216.8
350,"M",83,1601.45,711.87,287,249.4
351,"F",75,1793.59,649.85,307.4,323.042564322487
352,"M",77,1073.94,396.53,187.5,164.7
353,"F",24,1453.69,720.91,344.4,334.3
354,"M",79,1727.8,774.56,393.1,359.3
355,"F",52,1500.13,555.73,197.1,190.1
356,"F",37,1526.99,606.93,286.1,285.7
357,"M",54,1515.29,535.85,272,286.030599002726
358,"M",60,1750.17,754.39,288.9,245.6
359,"M",74,1777.02,709.1,372,336.1
360,"F",61,2357.42,933.2,346.8,346.6
361,"F",38,2297.49,941.28,497.4,488.3
362,"F",60,1920.42,829.2,345.9,333.1
363,"F",67,2068.27,747.37,286.7,284.2
364,"M",83,1675.89,608.67,219.5,189.1
365,"F",22,795.91,371.55,199.4,190.7
366,"M",26,1519.9,682.08,319.9,283.9
367,"M",49,1399.5,554.6,204.9,192.3
368,"M",36,2410.66,934.22,413.7,364.3
369,"M",32,2002.17,871.96,311.9,332.772910074345
370,"M",39,1806.71,812.82,385.8,365.7
371,"F",41,1339.06,555.15,236,233.3
372,"M",79,1714.26,625.97,231.2,211.1
373,"M",55,1830.81,768.86,322.7,275.1
374,"F",64,1385.61,515.72,245.4,235.2
375,"F",32,1641.28,688.18,338.4,355.376001757868
376,"F",36,1482.86,659.18,338.2,324.3
377,"M",47,1780.2,641.09,326,291.7
378,"F",75,1175.07,517.77,274.8,269.1
379,"M",82,1275.55,500.32,258.8,234.3
380,"F",62,2202.07,901.94,480.4,457.8
381,"M",21,1364.01,740.91,308.7,284.2
382,"F",27,1590.82,600.81,270.6,261.5
383,"M",80,1914.36,793.89,392.8,371.6
384,"F",84,1853.39,669.21,310.8,304
385,"F",35,1576.18,615.45,257.1,254.1
386,"F",73,1554.41,653.48,313.6,302.1
387,"M",33,839.36,303.31,121.7,108.2
388,"M",19,1551.2,757.24,415.1,392.8
389,"F",36,1762.99,755.48,317.3,301.4
390,"F",72,1540.48,594.64,284.4,303.915256808032
391,"F",59,1536.63,607.21,245.8,244.3
392,"M",83,1479.47,604.12,319.4,279.5
393,"M",22,1586.89,865.13,402.2,440.559149967851
394,"M",48,1718.72,707.66,283.9,255.5
395,"M",22,1168.95,634.32,342.3,295.1
396,"M",51,2001.15,830.45,449.9,390.7
397,"F",52,2005.92,816.7,363.1,385.153677970913
398,"M",35,1676.17,639.07,269.3,255.3
399,"M",75,1589.96,563.97,198.4,210.708736633137
400,"M",35,1690.34,619.08,335.5,361.806433599681
401,"F",80,1694.68,720.62,387.9,369.9
402,"M",60,1166.27,432.95,233.7,212.8
403,"F",72,1272.85,542.59,259.5,276.026006873912
404,"M",20,1306.36,609.12,323.6,305.5
405,"F",67,1464.46,583.49,268.7,258.9
406,"F",81,1830.7,648.9,310,302.4
407,"F",47,2183.5,825.93,348.2,339.2
408,"F",67,1873.45,683.8,239.4,228.8
409,"M",73,1654.51,707.96,376.2,326.7
410,"M",53,1123.37,470.68,176.5,157.8
411,"M",50,1557.33,595.09,287.8,258.6
412,"F",34,1949.33,872.45,430.2,414.3
413,"M",28,2220.84,865.67,445.3,399.1
414,"F",38,1427.33,586.22,258.2,282.53762304611
415,"F",78,1321.26,546.02,218,207.8
416,"M",64,1449.31,563.73,241.2,217.5
417,"M",80,1423.13,532.73,278.8,238.2
418,"M",84,1219.26,473.63,243.1,221.7
419,"F",67,2094.76,785.3,308.2,294.1
420,"F",24,675.85,313.19,168.4,165.7
421,"F",56,1460.69,594.26,262.5,251.2
422,"M",62,1575.31,659.03,261,224.7
423,"F",28,1839.2,655.86,268.4,262.7
424,"M",23,1202.8,557.14,251.1,229.2
425,"F",25,897.47,450.06,202.6,197.2
426,"F",57,1693.73,613.65,225.7,214.9
427,"M",64,1559.82,673.87,282.8,266.2
428,"F",61,1398.12,512.87,199,194.4
429,"M",78,2094.19,834.84,311.9,278.4
430,"M",40,1724.48,640.75,263.5,229.9
431,"M",29,1720.66,642.44,295.3,322.122904140675
432,"F",54,2067.31,830.67,398.8,391.7
433,"M",71,1601.24,653.19,305.8,273.1
434,"F",41,1153.91,462.36,173.4,169.7
435,"F",72,1492.52,560.12,266,261.1
436,"M",74,1478.72,542.93,288.9,261.9
437,"M",52,2022.11,717.11,265.6,248.7
438,"M",56,1378.36,566.5,202.1,213.442809577724
439,"M",86,1490.11,537.75,224.1,192.5
440,"F",30,1403.29,574.31,235.5,227.7
441,"F",35,1680.97,681.21,270.4,268.1
442,"F",28,2071.43,907.09,481.5,460.4
443,"M",53,1927.58,711.74,288.2,247.2
444,"F",62,1506.67,566.79,261.3,250.6
445,"F",53,1944.77,702.75,301.8,288.2
446,"F",75,1642.49,686.53,340.5,325.1
447,"M",56,1635.57,699.88,255.7,239.5
448,"F",47,1884.85,837.79,295.5,283.8
449,"F",53,1642.36,669.78,268.1,262.4
450,"M",55,1667.04,623.47,266.3,242.8
451,"F",55,1651.72,668.78,344.1,339.3
452,"F",66,1859.9,688.8,266,255.6
453,"M",43,1816.69,734.67,377.5,397.257941218209
454,"M",53,2275.11,799.52,289.1,248.5
455,"F",52,1861.62,754.86,341.5,340.6
456,"F",85,1406.24,540.93,238.5,229.7
457,"M",67,1958.37,832.66,297.5,267.9
458,"F",65,1910.22,810.09,319.8,306.4
459,"M",19,1299.21,629.07,294.8,271.7
460,"M",85,1786.5,643.49,226.5,195
461,"F",59,1460.15,594.47,210.3,202.4
462,"F",82,2067.42,829.67,331.2,320.2
463,"M",54,1940.34,842.53,324.8,305.9
464,"F",63,1580.19,623.25,264.6,254.8
465,"M",71,2281.15,915.89,416.6,372.7
466,"F",67,1858.22,739.83,337.8,333.5
467,"F",28,1920.14,695.2,290,285.1
468,"M",70,1081.14,452,176.6,155.1
469,"M",85,1367.47,517.84,283,262.8
470,"F",58,1882.33,701.09,250.2,249.2
471,"M",56,1575.53,589.45,248,260.672502739821
472,"M",19,1232.15,650.56,256.2,227.9
473,"M",84,1745.53,616.71,325.1,281.8
474,"M",76,1758.29,679.4,260.7,226.5
475,"M",31,1478.25,577.99,226,200
476,"F",22,1410.26,636.66,278.2,299.610507998944
477,"F",29,1825.72,710.69,289.9,283.8
478,"M",45,1471.34,568.31,301.9,279.1
479,"M",74,1687.76,663.42,318.9,273.3
480,"M",66,2011.42,900.38,426.9,399.7
481,"F",72,1700.91,756.74,279.3,267.2
482,"M",50,1110.06,414.59,164.7,140.4
483,"M",84,1513.91,553.09,299.6,283.9
484,"M",73,1639.32,693.45,366.1,331.1
485,"F",53,1665.86,672.19,255.8,247.1
486,"F",78,1394.76,515.03,268,266.5
487,"F",62,1867.84,769.08,368.4,405.134261725922
488,"M",32,1272.64,516.08,227.1,209.7
489,"F",50,1854.97,827.76,442.2,430.7
490,"M",47,1670.46,618.26,301.2,316.624470515479
491,"M",38,2161.65,908.69,394.2,341.2
492,"M",76,1088.15,419.11,146.8,128.2
493,"F",77,1791.78,780.88,399.7,392.3
494,"M",52,1700.72,747.05,277.5,244.1
495,"F",30,1614.87,592.83,320,306.6
496,"M",63,1738.85,761.08,404,366.7
497,"F",61,1837.18,682,356.2,377.987337930729
498,"M",20,1402.92,634.63,232.3,204.9
499,"M",27,1668.11,631.64,317.8,334.471319295212
500,"F",79,1343.69,572.32,293.2,280.5
501,"F",83,1590.45,569.47,234.3,229.3
502,"F",34,1402.78,526.14,232.2,222.7
503,"M",69,2168.64,963.64,524.7,451.9
504,"F",32,2222.99,998.06,541.4,525.4
505,"M",40,2060.52,725.27,318.4,271.8
506,"M",46,1345.31,534.68,228,212.1
507,"F",42,1976.96,766.92,396.6,381.2
508,"F",73,1567.96,579.08,203.5,220.347276599321
509,"F",65,1605.38,701.88,322.9,342.825438545134
510,"F",84,1773.88,683.04,291.3,280.3
511,"M",54,1788.99,702.73,273,239.7
512,"F",52,2307.93,835.06,439.5,432.4
513,"M",86,1161.72,455.77,193,174.9
514,"M",77,2016.3,850.12,300.1,284.3
515,"M",37,1642.09,686.69,262.5,232.2
516,"F",30,1430.72,570.53,215.1,209.9
517,"F",43,2185.26,796.85,408.3,432.35330451548
518,"M",77,2413.39,1007.27,396.9,361.2
519,"M",68,1433.13,618.13,270.8,234.6
520,"F",60,1702.64,748.05,397,396.1
521,"F",56,1542.07,648.31,261.8,259.9
522,"F",29,1524.63,653.93,302.9,299.9
523,"F",79,1578.66,601.33,290.6,285.3
524,"F",63,1635.63,703.55,349.5,381.517445365054
525,"F",63,2119.57,888.65,434.3,432.9
526,"M",56,1789.47,706.88,307.9,285.1
527,"M",58,1621.25,612.61,276.1,246.6
528,"F",77,1592.47,693.38,338.8,332.7
529,"M",34,1382.75,545.86,271.9,237.4
530,"M",65,1670.41,603.99,296.9,270.7
531,"M",58,1362.49,515.43,253.1,229.9
532,"F",18,1046.98,506.85,251.8,242.1
533,"M",74,1759.99,786.9,292.7,253.8
534,"M",35,1976.48,833.55,400.1,362.5
535,"F",35,2346.28,953.19,462.3,457.5
536,"F",27,1753.25,614.61,233.9,222.8
537,"F",30,1650.97,675.03,342.9,328.9
538,"F",44,2197.41,773.7,402.1,433.363837170601
539,"M",72,1770.64,767.33,308.6,289.3
540,"M",48,1364.89,536.25,284.4,247.7
541,"M",59,1954.44,697.76,274.5,260
542,"M",42,1874.19,831.43,391.6,346.1
543,"M",29,1369.78,497.47,187.8,169.8
544,"F",63,1410.19,506.86,201.1,193.2
545,"M",56,2238.7,793.25,287.8,248.7
546,"M",68,1535.12,632.54,252.8,238.5
547,"M",55,1946.31,767.4,272.2,247
548,"F",26,2213.13,859.16,369.4,360.6
549,"M",23,1722.74,868.48,381.7,325.3
550,"M",71,1475.46,587.41,256.5,276.076497457334
551,"M",85,1319.21,565.21,205.1,184
552,"F",64,2268.82,837.3,431,422.8
553,"F",43,1852.07,824.72,351.2,341.5
554,"M",67,1665.71,671.62,310.3,286.5
555,"M",36,1878.94,842.13,430.2,370.5
556,"F",81,2222.84,997.88,408.6,390.4
557,"M",31,1647.17,586.54,227.4,201.8
558,"F",34,1310.42,469.8,235.2,232.2
559,"M",36,2200.59,866.98,418.1,365.6
560,"M",80,1664.33,656.26,246.6,211.7
561,"M",74,2021.6,759.77,276.1,244.1
562,"F",21,1100.07,532.43,186.5,185.9
563,"M",85,1610.96,675.35,285.1,268.9
564,"M",21,1118.74,567.08,228.9,214.1
565,"M",71,1606.26,701.81,257.4,219.3
566,"M",26,1751.74,755.15,402.9,343
567,"M",30,2033.32,806.18,434.7,397.1
568,"F",85,1914.18,849.76,308,300.3
569,"M",29,1555.78,571.6,276.5,246.9
570,"M",73,1472.36,624.8,267.8,244.9
571,"M",76,1359.21,567.5,266,241.5
572,"M",64,1447.68,551.78,249.9,213.7
573,"F",64,1588.27,706.53,384,382.5
574,"F",34,1961.69,773.21,310,305.8
575,"M",30,1698.26,706.99,374.5,336
576,"F",71,2132.4,821.69,438.5,422
577,"M",48,1571.89,667.39,350.4,315.4
578,"F",79,1570.19,559.49,281.3,273.7
579,"M",59,1144.31,445.3,220.8,197.1
580,"F",21,1609.95,848.04,450.6,444.6
581,"F",57,1731.9,608.38,263.8,257.2
582,"M",63,1402.04,610.49,259.7,237.1
583,"M",49,1934.9,689.9,352.6,326
584,"F",28,1276.48,561.26,305,300.2
585,"F",41,1525.61,567.11,301.4,328.41919271854
586,"M",36,1841.95,675.75,267.3,237.4
587,"M",49,1676.66,601.1,216,234.61935560843
588,"M",86,1898.86,831.46,432.9,406
589,"M",19,1360.01,686.06,291.2,258.6
590,"M",21,1177.93,554.8,295.5,256.3
591,"M",47,1675.95,667.55,363,325.8
592,"F",63,1463.68,513.96,265.4,258.8
593,"F",78,1438.1,518.18,236.2,227.1
594,"M",82,2066.78,887.74,432.4,370.2
595,"F",32,1336.6,530.11,253.8,250
596,"M",60,2426.52,857.81,308,289
597,"M",20,909.71,500.13,208.5,189.6
598,"M",42,1981.92,740.46,402.6,345.4
599,"M",60,1445.5,541.4,270.1,248.5
600,"F",27,1917.9,841.65,358.5,351.2
601,"F",26,1720.5,720.49,292.5,287.6
602,"F",56,1352.37,533.36,220.5,218.6
603,"F",63,2072.57,902.23,416.1,447.575101905763
604,"M",38,2151.56,829.62,398.9,368.3
605,"M",61,2037.2,746.47,319.1,275.2
606,"F",36,1997.03,704.97,334.6,334.5
607,"F",72,1837.75,765.32,353.2,346.2
608,"M",65,1775.43,761.94,268.7,231.3
609,"M",21,1602.23,859.59,390,425.86815271026
610,"M",74,1493.6,535.23,268.6,288.462677512122
611,"F",85,1940.74,869.9,351.7,373.845976017042
612,"M",39,1406.86,548.09,206.1,220.179935662025
613,"M",70,1790.61,743.49,365.9,345.9
614,"F",73,1179.47,430.25,231.6,228.1
615,"M",75,1469.64,605.71,271.2,238.4
616,"F",79,1756.14,723.71,264.2,253.7
617,"M",67,1988.67,894.44,432.8,410.5
618,"M",31,1754.1,628.47,262.9,230.7
619,"F",54,1972.85,774.51,298.7,298.2
620,"M",52,1939,698.1,260.5,275.651770943165
621,"F",23,1207.82,561.65,214.1,212.6
622,"M",25,1497.36,755.78,288,262.4
623,"M",64,1679.58,724.15,384.7,336
624,"M",77,1589.38,700.81,299.2,265.7
625,"M",46,1622,708.09,293.8,258.4
626,"M",84,2051.98,841.76,336.7,292.5
627,"M",26,1970.79,825.18,333.4,294.5
628,"F",38,1527.59,564.38,300.5,288.5
629,"F",37,2231.99,855.31,455.5,448.5
630,"M",69,1680.31,631.72,334.9,364.171672242306
631,"M",51,1727.89,738.41,296.8,263
632,"F",25,1581.37,777.97,399.5,398.2
633,"M",70,1342.98,602.32,246.6,216.2
634,"M",37,1821.5,801.54,391.8,359.2
635,"M",58,2630.05,1026.6,548.7,486.8
636,"F",81,1575.49,630.59,261.8,285.207921636817
637,"F",18,1585,806.92,391.4,378.8
638,"F",77,1537.47,549.79,199,190.5
639,"F",43,1899,770.41,361.2,393.184193906137
640,"M",54,1549.25,673.48,337.3,298.2
641,"F",71,1638.42,581.6,208.5,205.2
642,"M",49,1389.34,597.49,217.1,202.4
643,"M",55,1419.56,544.15,283.1,259.8
644,"M",29,1667.14,744.76,267.4,289.27246094448
645,"F",30,1499.69,671.16,336,330.4
646,"F",61,2142.34,829.51,335.4,325.7
647,"F",38,1287.86,486.54,242.3,232.8
648,"F",82,1818.86,815.5,338,331
649,"F",66,1622.05,729.81,383,381.8
650,"M",18,1327.39,635.35,302.2,267.9
651,"F",53,1921.64,797.44,387.5,383.7
652,"M",20,889.53,469.42,168.2,155
653,"F",35,1947.36,848.45,319.2,310.1
654,"M",20,1691.63,796.76,337.1,318.7
655,"M",76,1135.74,445.69,181.1,166.4
656,"M",32,1703.44,728.73,370.4,349.3
657,"M",35,1903.36,685.2,356.2,314.7
658,"F",70,1507.08,597.49,229.4,228.7
659,"M",84,1710.94,610.04,322.3,341.28526702308
660,"M",53,2034.85,753.56,362.3,340.9
661,"M",28,1561.61,553.68,255.8,271.892401275812
662,"M",34,2033.3,805.17,318.6,300.9
663,"F",28,1340.88,558.64,304.3,294.8
664,"M",42,1485.49,594.02,263.4,229
665,"F",73,2248.53,951.79,372.9,354.5
666,"F",37,1882.44,692.36,359,356.4
667,"F",57,1419.39,525.3,192.4,183.5
668,"M",82,1719.73,642.42,318.8,288.1
669,"F",43,1894.43,706.82,342.7,339.5
670,"M",24,1289.3,625.43,338.6,294.9
671,"F",19,1625.09,879.68,322.7,340.04972845311
672,"F",25,1234.63,609.54,289.9,286.7
673,"M",76,1487.84,662.17,285,307.962339354213
674,"M",69,1762.41,697.7,367.8,333.3
675,"M",46,1889.03,724.59,324.9,306.1
676,"M",29,2049.76,759.82,382.8,336.1
677,"M",43,1500.08,602.23,268.8,252.4
678,"F",41,1475.24,636.55,318.5,306.4
679,"M",50,1739.43,700.53,283.2,251.1
680,"M",55,1942.25,802.29,355.6,309.5
681,"F",60,1904.57,817.96,338.1,328.2
682,"M",36,1234.44,549.21,267,239.1
683,"F",64,1999.8,841.1,341.6,334.4
684,"F",82,1467.54,536.15,244.7,235.8
685,"M",54,1557.24,632.38,260.8,282.644279488903
686,"M",84,1705.24,616.88,224,192.3
687,"F",86,1928.63,831,356.8,342.9
688,"F",58,1598.34,586.44,282.1,280.1
689,"M",81,2110.09,770.86,416.6,378.7
690,"M",30,1659.88,609.41,225.1,210.2
691,"M",26,1598.52,653.18,235,201.7
692,"F",27,1272.53,491.07,224.6,221.4
693,"F",82,2067.05,795.21,360.9,386.284461322414
694,"F",34,1319.78,482.23,249.8,242.4
695,"M",58,1857.43,651.25,240,211.4
696,"F",45,1416.18,594.09,319.9,349.550173390949
697,"F",29,1960.55,873.45,311.1,306.7
698,"M",78,1418.21,562.57,271.4,234.9
699,"F",61,1712.35,679.14,344.8,370.897859911583
700,"M",82,2043.85,770.27,340.2,303.2
701,"M",61,1951.72,686.76,355,329.8
702,"M",64,1158.96,495.03,227.8,215.4
703,"M",38,1359.28,602.33,330,301.3
704,"M",82,1347.56,546.19,253.9,216.1
705,"F",53,1927.87,789.28,302.1,292.4
706,"F",32,2102.27,904.05,385,366.5
707,"F",67,1621.89,728.99,270.9,261.3
708,"F",42,1353.5,563.98,235,227
709,"M",82,1961.74,759.5,318.5,280.4
710,"F",52,1653.52,632.93,243.1,239.2
711,"F",41,2058.91,728.23,340.4,324.2
712,"M",84,1802.57,744.5,379.8,410.655664479537
713,"M",20,1301.21,642.83,277.4,296.282739544189
714,"F",80,1308.09,546.76,242.4,232.4
715,"F",46,2252.69,1002.65,371.3,354
716,"F",57,2030.69,892.39,457.4,446.7
717,"M",26,1868.35,809.02,354.1,332.1
718,"M",66,2029.09,812.15,361.6,325.6
719,"M",36,1289.22,528.3,241.6,210.9
720,"M",64,1676.75,734.31,397.7,369.5
721,"M",58,1745.29,639.01,319.5,296.1
722,"M",19,569.93,285.98,105.7,95.9
723,"F",43,1931.95,745.6,378.8,365.2
724,"M",70,1661.63,728.75,376.3,354
725,"M",20,1283.85,670.48,342,309.2
726,"M",56,1850.98,728.46,392.9,422.451296840671
727,"M",30,1460.62,528.08,193.8,171.3
728,"M",24,1515.01,794.78,278.5,304.916819245816
729,"F",22,1132.41,593.94,313.8,330.49394257789
730,"F",38,1943.49,764.61,282.3,296.491890261829
731,"F",20,1063.82,577.91,263.7,255
732,"M",43,1836.24,663.98,348.1,299.3
733,"F",74,1911.1,692.47,337,321.4
734,"F",31,1604.99,680.17,361.6,357
735,"M",79,1691.12,759.82,297.2,271.6
736,"F",75,1620.19,694.49,376.9,374.7
737,"F",29,1976.97,743.07,311.6,306
738,"M",21,1412.97,673.18,279.5,295.847100316134
739,"F",26,1409.62,604.67,257.4,280.967430331309
740,"M",62,1919.09,788.87,335,365.454005498788
741,"F",25,1377.73,692.32,298.6,285.6
742,"M",46,1520.91,636.42,248.1,232.2
743,"M",56,1604.9,569.71,250.5,266.450982413907
744,"M",49,1642.55,731.8,322.4,289.6
745,"M",27,1636.88,711.04,390.9,351.1
746,"M",70,1865.31,666.17,353.3,330.7
747,"M",20,1172.87,604.7,244.4,227.4
748,"M",79,1955.08,738.09,262.8,244.8
749,"M",30,1282.11,557.31,280.2,243.5
750,"F",31,1685.23,690.28,328.7,348.643735594084
751,"F",28,2008.62,725.5,366.1,397.436327705617
752,"F",39,2051.77,882.72,366.7,353.7
753,"F",85,1314.93,518.97,189,202.127831018111
754,"M",42,1821.59,686.07,246.8,222.5
755,"F",85,2278.37,866.4,473,503.010477267427
756,"F",45,2061.93,878.66,483,467.4
757,"M",68,1785.29,735.61,269.5,236
758,"M",21,1851.73,994.71,390.7,356.1
759,"M",38,2441.5,880.06,384.7,332.7
760,"M",83,2377.48,957.71,435.9,463.662617843879
761,"F",50,1873.8,665.77,257.9,248.1
762,"F",82,1700.98,760.3,313.5,305.6
763,"F",49,1660.98,746.34,315.3,344.864580103064
764,"M",28,1602.71,669.83,281.5,243.1
765,"F",28,1296.1,535.52,280.3,268.1
766,"M",22,1169.87,594.17,268.7,283.497178950667
767,"M",29,1856.83,674.59,358.6,332
768,"M",60,1999.21,890.45,383.3,328.6
769,"M",41,1905.94,741.2,366,343.1
770,"M",51,1554.61,695.83,315.7,292.4
771,"F",67,2027.49,883.51,392,428.761517992336
772,"F",26,2207.24,931.51,463.2,452.9
773,"M",62,1953.07,773.12,403.5,345.6
774,"M",21,1553.03,741.38,374.6,320.4
775,"F",55,2253.04,847.1,404.3,396.2
776,"M",76,1393.83,513.72,203.3,177.9
777,"F",63,1828.72,764.95,406.6,392.1
778,"M",61,1628.87,596.83,311.9,332.455336798606
779,"F",65,1704.16,633.67,278.6,275
780,"F",19,1114.23,511.31,233.4,227.9
781,"M",62,1606.72,680.37,304.5,284.9
782,"M",49,2238.45,865.66,367.6,319.4
783,"M",27,1568.15,579.11,250.9,231.4
784,"M",61,1222.58,463.17,202.2,178.8
785,"M",76,1647.26,731.4,329.8,285.2
786,"M",25,1359.84,681.59,291.8,269.7
787,"F",36,1297.79,566.64,240.2,237.6
788,"F",34,1685.56,675.36,288.3,274.7
789,"M",35,1865.17,764.09,382.8,359.8
790,"F",74,1564.45,654.77,274.4,263
791,"F",82,1628.58,707.25,339,324.7
792,"M",28,1545.04,629.14,311.7,281.3
793,"M",34,1656.62,690.5,319.4,339.78962238217
794,"F",73,1725.26,660.65,315.3,337.509426598591
795,"F",23,1116.35,578.29,310.3,297.6
796,"F",40,1362.28,514.65,190.1,184.6
797,"M",20,957.84,503.65,233.9,254.818595439916
798,"F",44,1026.46,454.36,160.8,158.9
799,"M",22,1383.53,686.77,375.4,334.4
800,"F",56,736.13,269.56,137.3,135.6
801,"M",72,1404.37,507.71,182.3,169.7
802,"F",71,1337.36,491.07,239.4,239
803,"M",19,1322.57,689.58,252.4,265.705989173604
804,"F",82,1601.87,654.68,327.3,317.9
805,"F",81,1913.27,764.07,362.5,345.8
806,"M",60,2262.83,828.12,298.8,266.5
807,"F",30,1271.85,483.58,222.6,219.8
808,"F",72,1726.76,756.24,285,284.4
809,"M",38,1919.07,849.99,460.6,419.3
810,"M",37,1706.51,740.32,266.9,249.7
811,"M",78,1521.77,595.7,321.5,283.9
812,"F",82,1818.69,691.9,260.6,286.320928746781
813,"F",25,768.35,363.81,170.8,166.9
814,"F",70,1644.42,656.32,250.5,273.467738323443
815,"M",84,1612.06,640.54,325.2,303
816,"F",35,1904.2,795.22,420.5,409
817,"F",34,1759.4,761.88,297,285
818,"F",83,1101.33,477.42,186.1,180.9
819,"M",39,1649.29,699.49,377.2,343.1
820,"M",80,1859.67,714.3,376.6,328.9
821,"M",57,1888.54,818.25,341.7,317.3
822,"M",29,1464.65,628.03,320.8,341.585387169858
823,"F",60,1888.99,666.84,336.6,326.3
824,"M",45,2073.71,814.09,447.7,476.508704212181
825,"M",58,1531.91,550.69,293.7,254.8
826,"F",34,1556.5,581.62,280.8,274.9
827,"F",27,1940.23,717.13,258.5,250.9
828,"F",73,1318.4,528.45,230.2,223.8
829,"M",82,1983.9,803.4,301.2,259.1
830,"M",49,1498.48,568.7,249.7,217.8
831,"M",27,1928.59,757.98,287.1,246.7
832,"M",25,1719.96,939.21,461.8,437.3
833,"F",25,963.14,449.44,203.2,195.7
834,"F",54,1636.61,594.97,208.7,227.811285294532
835,"M",73,1454.39,648.22,312.8,287.6
836,"M",68,1279.66,470.86,186.9,162.5
837,"M",33,1782.94,754.66,323.5,282.9
838,"F",78,1832.93,761.95,401.2,431.044406749271
839,"M",69,1836.18,823.35,423,388.3
840,"M",50,1152.07,408.73,177.9,166.8
841,"F",61,2144.03,902.2,494.6,494.6
842,"F",60,1712.25,609.5,301.9,292.5
843,"M",35,1793.04,772.41,423.1,458.788052482352
844,"F",48,1248.27,445.39,242,233.4
845,"F",71,1741.97,744.22,308.7,308.7
846,"F",82,1617.25,624.2,307.4,302.2
847,"F",59,1592.47,643.86,302.7,288.6
848,"M",78,1728.42,725.42,300.6,265.1
849,"M",54,1849.23,657.59,342.5,365.0629822716
850,"F",82,1337.4,534.41,227.5,222.9
851,"M",26,1786.47,677.67,240.8,222.7
852,"M",85,1364.17,585.17,313.2,278.4
853,"F",37,1631.27,688.14,254.5,247.2
854,"M",51,1734.62,680.73,276.8,240.4
855,"M",39,1904.11,670.28,245.2,229.7
856,"M",68,1465.83,514.93,243.4,255.721810115641
857,"F",60,2106.32,859.27,331.4,326.9
858,"F",68,1483.42,637.97,235.1,253.480956861728
859,"F",73,2036.67,798.11,293.5,287.2
860,"F",50,1870.4,804.07,378.5,363.2
861,"M",71,1510.23,650.35,302.7,257.3
862,"F",60,2130.2,828.5,398.3,428.029650026861
863,"F",82,1751.12,655.21,242.2,232.4
864,"M",80,1805.69,635.1,321,304
865,"M",68,1766.06,668.31,269,237.1
866,"F",44,1361.81,566.57,230.7,224.1
867,"M",80,1550.14,601.51,230.9,219.2
868,"F",42,1377.72,500.77,198.3,198.1
869,"M",24,974.17,452.23,195,175.3
870,"M",47,1880.55,743,269,229.4
871,"F",37,2029.27,729.32,395.8,419.872849226657
872,"F",52,2011.94,833.21,436.3,417.7
873,"F",27,1404.53,616.71,336.2,320.8
874,"F",40,1574.55,629.69,343.5,341
875,"M",56,1693.61,705.68,357.5,325.5
876,"M",59,1277.22,502.91,224.4,209
877,"F",58,1614.12,633.94,263.4,256.7
878,"M",56,1940.69,712.78,328.9,298.9
879,"M",76,1147.59,477.71,251.6,232
880,"F",55,1617.88,594.16,275.5,266.7
881,"M",19,1871.57,982.98,391,350.3
882,"M",31,1757.71,744.45,317.8,294.2
883,"M",30,2042.53,892.67,428.6,401.5
884,"F",42,1794.48,770.34,327,314.4
885,"M",60,1643.01,645.77,310.4,267.1
886,"F",58,1917.37,821.59,393.2,376.3
887,"F",26,1510.84,635.27,266,265.4
888,"M",31,1671.8,705.29,334.2,357.775303151552
889,"M",48,1967.97,823.6,387.7,345.4
890,"M",54,1438.15,508.53,263.5,235.5
891,"M",84,2390.73,1005.49,425.8,453.20134289823
892,"F",43,1511.9,571.09,205.2,197.8
893,"F",38,2132.83,876.13,341,339.4
894,"F",20,1379.76,640.79,311.7,297.1
895,"M",78,1565.91,592.43,300.8,283.7
896,"F",41,1340.83,506.56,212.1,205.9
897,"F",28,1141.39,437.47,221.9,220.4
898,"M",23,1124.67,616.36,225.7,211.2
899,"F",21,1825.64,928.6,477.4,466.5
900,"F",52,1264.13,510.59,264.4,253.7
901,"M",23,1464.17,685.71,276.3,262.2
902,"F",38,1730.17,708.21,289.2,309.033232553168
903,"M",76,1894.16,767.87,274.1,244.3
904,"F",23,1834.97,985.84,503.8,496.3
905,"F",78,2062.67,855.78,341.1,339.5
906,"F",58,1746.68,754.71,411.1,398.8
907,"M",58,1214.94,494.41,179.2,169.7
908,"M",22,1088.92,562.49,211.5,195.8
909,"F",75,1984.06,711.86,305.2,292.8
910,"M",64,1371.67,616.67,256,223.5
911,"F",84,1697.21,616.98,256.6,279.48793268288
912,"M",78,1265.57,539.03,226.1,205.5
913,"F",67,1925.53,687.02,306.5,297.7
914,"F",40,1520.84,569.12,206.3,197.1
915,"F",85,1575.04,609.57,279.2,268.3
916,"F",47,1941.92,782.21,316.6,309.1
917,"F",63,2232.96,811.57,360.9,347.6
918,"M",49,895.39,370.92,140.4,126
919,"F",67,2049.92,717.62,374.9,369.8
920,"M",57,1622.58,724.75,373.6,335.5
921,"M",57,1701.15,598.82,225.1,197
922,"M",18,1224.27,625.16,228.5,242.432301856735
923,"M",26,1864,708.04,374.7,352.5
924,"F",86,1766.48,629.7,262.1,259.6
925,"F",21,1248.09,595.41,274.1,266.6
926,"M",62,1673.25,744.8,265.3,251.6
927,"F",29,1658.38,695.57,354.3,340.9
928,"M",44,1563.73,672.66,331.3,290.4
929,"M",27,1780.75,770.19,275,253.3
930,"M",57,987.95,350.28,129.5,116.2
931,"M",45,2146.39,751.78,366.9,321.3
932,"M",83,1785.53,669.49,290.3,258.4
933,"M",26,1935.27,730.72,383.5,421.54485547244
934,"M",67,1458.76,622.16,309.4,334.225390744531
935,"F",52,1710.77,737.89,378.2,401.088749819568
936,"F",60,1327.94,483.85,204.8,198.5
937,"F",43,1478.94,551.6,291.6,289.8
938,"F",83,1314.32,587.48,317.3,309.4
939,"F",19,1284.25,614.43,283.2,279.9
940,"F",34,1682.43,611.79,234.1,229.5
941,"F",50,1074.62,423.72,160.7,153.9
942,"M",85,1864.14,791.73,423.1,375.5
943,"M",80,2337.55,875.19,362.5,328.9
944,"M",74,1666.14,745.57,352.2,316.4
945,"M",64,1795.5,729.65,389.3,366.8
946,"M",33,1531.01,588.18,259.6,236
947,"F",81,2004.91,878.44,403.7,391.2
948,"F",60,1770.67,734.95,344.6,334.7
949,"M",27,1780.4,642.5,274.8,236.1
950,"M",41,1766.22,638.72,237.3,218.5
951,"F",81,2127.68,833.4,361.6,354.5
952,"F",37,2148.35,937.75,499.3,490.9
953,"M",80,1816.7,744.24,377.7,332.6
954,"M",19,1264.05,596.17,265.2,285.461907888819
955,"F",81,1569.53,614.3,292.6,281
956,"F",51,2249.07,828.98,396.6,390
957,"M",81,1898.49,758.69,416.2,366.9
958,"F",66,1603.06,603.91,233,225
959,"M",79,1518.49,674.46,250.8,217.8
960,"F",22,934.79,484.1,199.8,216.888272704405
961,"M",66,2164.85,894.79,464.4,403.4
962,"M",81,1960.26,770.22,313.7,285.1
963,"M",71,1411.3,503.23,227.3,209.7
964,"F",44,1518.59,581.66,253.9,253.9
965,"M",76,1449.68,561.58,250.8,215.4
966,"M",53,1713.5,744.14,303.8,278
967,"M",54,1760.09,706.72,276,240.4
968,"M",24,949.95,493.57,271.3,245.7
969,"F",67,1877.14,736.47,288.5,281.8
970,"F",39,1410.02,504.71,273.7,265
971,"F",78,1824.88,755.74,355.4,351.8
972,"F",38,1940.64,817.47,373.9,372
973,"F",32,1262.56,532.34,232.7,232.4
974,"M",56,1480.89,576.67,211.1,184.7
975,"F",25,1133.95,597.15,274.7,272.4
976,"M",52,2056.18,830.22,451.3,384.4
977,"M",40,1262.9,467.86,220.5,197
978,"M",80,1621.23,612.61,273.9,249.6
979,"M",33,1544.16,623.85,340.4,313.2
980,"F",58,1394.41,505.39,181.7,175
981,"F",50,1481.13,660.49,292,286
982,"M",24,1223.52,567.62,288.3,303.64709874514
983,"M",73,1646.36,683.61,348.1,310.6
984,"M",40,1346.68,507.7,247.9,220.7
985,"M",51,1846.64,711.07,372.1,393.605360485833
986,"M",85,1781.8,753.36,390.5,344.7
987,"M",38,1709.96,685.89,257.3,224.7
988,"M",34,1918.94,851.14,354.4,330.9
989,"F",26,1256.43,483.3,220.5,218.3
990,"F",71,1543.55,596.58,233,227.5
991,"M",60,877.26,381.86,198.8,172.1
992,"M",69,1535.65,608.1,293.8,270.4
993,"F",70,1573.4,600.53,226.5,225.3
994,"M",79,2386.32,1053.65,523,476.5
995,"M",42,1228.85,526.25,243.9,259.333063901423
996,"F",34,1792.32,669.91,296.8,285
997,"M",66,1570.88,568.09,291.8,318.211924418844
998,"F",36,1056.62,412.97,156,151.6
999,"M",83,1865.78,733.49,345.1,295
1000,"M",20,2320.06,1187.95,583.7,505.2
